Datetime,Water Level (m)
2025-09-27 18:00:00,-0.020790113
2025-09-27 19:00:00,-0.14982797
2025-09-27 20:00:00,-0.14112003
2025-09-27 21:00:00,0.1828012
2025-09-27 22:00:00,0.4515059
2025-09-27 23:00:00,0.80018395
2025-09-28 00:00:00,1.1072702
2025-09-28 01:00:00,1.2659954
2025-09-28 02:00:00,1.26344
2025-09-28 03:00:00,1.06503
2025-09-28 04:00:00,0.8327356
2025-09-28 05:00:00,0.6084782
2025-09-28 06:00:00,0.39980254
2025-09-28 07:00:00,0.2219409
2025-09-28 08:00:00,0.08786856
2025-09-28 09:00:00,0.06666252
2025-09-28 10:00:00,0.31638044
2025-09-28 11:00:00,0.59927887
2025-09-28 12:00:00,0.86001796
2025-09-28 13:00:00,1.00647
2025-09-28 14:00:00,1.0320905
2025-09-28 15:00:00,0.9142549
2025-09-28 16:00:00,0.7179041
2025-09-28 17:00:00,0.5133474
2025-09-28 18:00:00,0.32732782
2025-09-28 19:00:00,0.17307295
2025-09-28 20:00:00,0.05252412
2025-09-28 21:00:00,0.030831628
2025-09-28 22:00:00,0.28977457
2025-09-28 23:00:00,0.6243627
2025-09-29 00:00:00,0.9519856
2025-09-29 01:00:00,1.1843377
2025-09-29 02:00:00,1.3116845
2025-09-29 03:00:00,1.2612162
2025-09-29 04:00:00,1.0749022
2025-09-29 05:00:00,0.8600322
2025-09-29 06:00:00,0.6539343
2025-09-29 07:00:00,0.4743882
2025-09-29 08:00:00,0.3273428
2025-09-29 09:00:00,0.21380673
2025-09-29 10:00:00,0.1762667
2025-09-29 11:00:00,0.30367178
2025-09-29 12:00:00,0.5621181
2025-09-29 13:00:00,0.80499303
2025-09-29 14:00:00,0.91463786
2025-09-29 15:00:00,0.95267034
2025-09-29 16:00:00,0.8648195
2025-09-29 17:00:00,0.6912605
2025-09-29 18:00:00,0.5105046
2025-09-29 19:00:00,0.3536293
2025-09-29 20:00:00,0.23071937
2025-09-29 21:00:00,0.15949619
2025-09-29 22:00:00,0.21813755
2025-09-29 23:00:00,0.38788724
2025-09-30 00:00:00,0.64670485
2025-09-30 01:00:00,0.91108805
2025-09-30 02:00:00,1.1009792
2025-09-30 03:00:00,1.2442795
2025-09-30 04:00:00,1.2427076
2025-09-30 05:00:00,1.1003815
2025-09-30 06:00:00,0.9112098
2025-09-30 07:00:00,0.7234209
2025-09-30 08:00:00,0.5547869
2025-09-30 09:00:00,0.40738374
2025-09-30 10:00:00,0.2976364
2025-09-30 11:00:00,0.23242703
2025-09-30 12:00:00,0.27039412
2025-09-30 13:00:00,0.42874724
2025-09-30 14:00:00,0.6453497
2025-09-30 15:00:00,0.78055334
2025-09-30 16:00:00,0.843608
2025-09-30 17:00:00,0.8418388
2025-09-30 18:00:00,0.7405994
2025-09-30 19:00:00,0.59976256
2025-09-30 20:00:00,0.46292022
2025-09-30 21:00:00,0.34341198
2025-09-30 22:00:00,0.25739822
2025-09-30 23:00:00,0.22682755
2025-10-01 00:00:00,0.30914152
2025-10-01 01:00:00,0.5228905
2025-10-01 02:00:00,0.8076164
2025-10-01 03:00:00,1.0332977
2025-10-01 04:00:00,1.2151783
2025-10-01 05:00:00,1.3168119
2025-10-01 06:00:00,1.2650477
2025-10-01 07:00:00,1.1141813
2025-10-01 08:00:00,0.9288282
2025-10-01 09:00:00,0.7483518
2025-10-01 10:00:00,0.581968
2025-10-01 11:00:00,0.43434086
2025-10-01 12:00:00,0.3216513
2025-10-01 13:00:00,0.25208208
2025-10-01 14:00:00,0.29670006
2025-10-01 15:00:00,0.50745946
2025-10-01 16:00:00,0.75876474
2025-10-01 17:00:00,0.90724415
2025-10-01 18:00:00,0.9965264
2025-10-01 19:00:00,1.0077307
2025-10-01 20:00:00,0.91631424
2025-10-01 21:00:00,0.7764445
2025-10-01 22:00:00,0.61635447
2025-10-01 23:00:00,0.46580383
2025-10-02 00:00:00,0.34716877
2025-10-02 01:00:00,0.29876092
2025-10-02 02:00:00,0.3901977
2025-10-02 03:00:00,0.6606687
2025-10-02 04:00:00,0.9729937
2025-10-02 05:00:00,1.1993047
2025-10-02 06:00:00,1.3714947
2025-10-02 07:00:00,1.4304682
2025-10-02 08:00:00,1.3357329
2025-10-02 09:00:00,1.17249
2025-10-02 10:00:00,1.0199924
2025-10-02 11:00:00,0.90305597
2025-10-02 12:00:00,0.7945936
2025-10-02 13:00:00,0.72477967
2025-10-02 14:00:00,0.788967
2025-10-02 15:00:00,1.0351772
2025-10-02 16:00:00,1.3229065
2025-10-02 17:00:00,1.6140751
2025-10-02 18:00:00,1.8633933
2025-10-02 19:00:00,2.0216348
2025-10-02 20:00:00,2.040879
2025-10-02 21:00:00,1.9255267
2025-10-02 22:00:00,1.7241852
2025-10-02 23:00:00,1.5014114
2025-10-03 00:00:00,1.301545
2025-10-03 01:00:00,1.1426524
2025-10-03 02:00:00,1.070541
2025-10-03 03:00:00,1.2169062
2025-10-03 04:00:00,1.5774989
2025-10-03 05:00:00,1.8993849
2025-10-03 06:00:00,2.1549406
2025-10-03 07:00:00,2.3071926
2025-10-03 08:00:00,2.2665925
2025-10-03 09:00:00,2.0365121
2025-10-03 10:00:00,1.7734029
2025-10-03 11:00:00,1.5187916
2025-10-03 12:00:00,1.2755183
2025-10-03 13:00:00,1.0605086
2025-10-03 14:00:00,0.880222
2025-10-03 15:00:00,0.7730557
2025-10-03 16:00:00,0.8738044
2025-10-03 17:00:00,1.2841526
2025-10-03 18:00:00,1.6325718
